{
  "balance": 89.49664470794902,
  "position": null,
  "dailyLoss": 10.503355292050932,
  "lastStopLossTime": 1770186422192,
  "recentResults": [
    "LOSS",
    "WIN",
    "LOSS",
    "LOSS",
    "LOSS",
    "WIN",
    "WIN",
    "LOSS",
    "LOSS",
    "LOSS"
  ],
  "lastDailyReset": 1770181818783,
  "lastExitTime": 1770186422194
}