{
  "balance": 126.37062387903346,
  "position": null,
  "dailyLoss": -26.37062387903352,
  "lastStopLossTime": 1770222662951,
  "recentResults": [
    "WIN",
    "WIN",
    "WIN",
    "WIN",
    "WIN",
    "WIN",
    "WIN",
    "LOSS",
    "LOSS",
    "LOSS"
  ],
  "lastDailyReset": 1770214928049,
  "lastExitTime": 1770222662954,
  "consecutiveLosses": 3
}